assignment_id,accept_time,submit_time,accept_time_str,submit_time_str,duration_seconds,duration_minutes,duration_hours,worker_id,hit_id,status,timezone,subcategory,task_type,group_index,s3_path
36W0OB37HXYW7MKT46W124FYGAJZHI,2025-08-21 11:58:19-06:00,2025-08-21 12:08:47-06:00,2025-08-21 11:58:19-0600,2025-08-21 12:08:47-0600,628.0,10.466666666666667,0.17444444444444446,A1VMPZVVVZUCS4,33NKDW9FFX1DZZB4RUOD6868PE3CXR,Approved,tzlocal(),QuadrupedHead,spin_val_parts,0,HITs/QuadrupedHead/spin_val_parts/live/group_0_36W0OB37HXYW7MKT46W124FYGAJZHI.json
3KXIR214I50CPZTM0S34L4WNQW024T,2025-08-21 12:47:20-06:00,2025-08-21 12:49:04-06:00,2025-08-21 12:47:20-0600,2025-08-21 12:49:04-0600,104.0,1.7333333333333334,0.028888888888888888,AZLZA0Q87TJZO,33NKDW9FFX1DZZB4RUOD6868PE3CXR,Approved,tzlocal(),QuadrupedHead,spin_val_parts,0,HITs/QuadrupedHead/spin_val_parts/live/group_0_3KXIR214I50CPZTM0S34L4WNQW024T.json
3HSYG7LRBKISKHMFAQWOSH7D4IBKKM,2025-08-21 12:47:21-06:00,2025-08-21 12:49:42-06:00,2025-08-21 12:47:21-0600,2025-08-21 12:49:42-0600,141.0,2.35,0.03916666666666667,AZLZA0Q87TJZO,3L55D8AUFAG2Z41EWQAFPMDHRKXCYX,Approved,tzlocal(),QuadrupedHead,spin_val_parts,1,HITs/QuadrupedHead/spin_val_parts/live/group_1_3HSYG7LRBKISKHMFAQWOSH7D4IBKKM.json
3U8YCDAGXQ0CIUD6J2635J4DPQWQ0D,2025-08-21 11:58:21-06:00,2025-08-21 12:10:47-06:00,2025-08-21 11:58:21-0600,2025-08-21 12:10:47-0600,746.0,12.433333333333334,0.20722222222222222,A1VMPZVVVZUCS4,3L55D8AUFAG2Z41EWQAFPMDHRKXCYX,Approved,tzlocal(),QuadrupedHead,spin_val_parts,1,HITs/QuadrupedHead/spin_val_parts/live/group_1_3U8YCDAGXQ0CIUD6J2635J4DPQWQ0D.json
33JKGHPFYDEOIB7LSF1KZMGLNIANMY,2025-08-21 11:58:26-06:00,2025-08-21 12:12:18-06:00,2025-08-21 11:58:26-0600,2025-08-21 12:12:18-0600,832.0,13.866666666666667,0.2311111111111111,A1VMPZVVVZUCS4,33Q5P9PUSP524UBJSCCY3TMJXE1CZO,Approved,tzlocal(),QuadrupedHead,spin_val_parts,2,HITs/QuadrupedHead/spin_val_parts/live/group_2_33JKGHPFYDEOIB7LSF1KZMGLNIANMY.json
3BWI6RSP7HT132NLVAWCQHPME1G7EK,2025-08-21 12:57:23-06:00,2025-08-21 13:00:48-06:00,2025-08-21 12:57:23-0600,2025-08-21 13:00:48-0600,205.0,3.4166666666666665,0.05694444444444444,AZLZA0Q87TJZO,33Q5P9PUSP524UBJSCCY3TMJXE1CZO,Approved,tzlocal(),QuadrupedHead,spin_val_parts,2,HITs/QuadrupedHead/spin_val_parts/live/group_2_3BWI6RSP7HT132NLVAWCQHPME1G7EK.json
3B3WTRP3DCMDM5ZYHNZV2C73COE29P,2025-08-21 12:47:25-06:00,2025-08-21 12:52:54-06:00,2025-08-21 12:47:25-0600,2025-08-21 12:52:54-0600,329.0,5.483333333333333,0.0913888888888889,AZLZA0Q87TJZO,3XUSYT70ITKF71B7OEUHH01F07UD0X,Approved,tzlocal(),QuadrupedHead,spin_val_parts,3,HITs/QuadrupedHead/spin_val_parts/live/group_3_3B3WTRP3DCMDM5ZYHNZV2C73COE29P.json
3NXNZ5RS1BHK86W4NZGQY3OBN4Z799,2025-08-21 11:58:13-06:00,2025-08-21 12:06:01-06:00,2025-08-21 11:58:13-0600,2025-08-21 12:06:01-0600,468.0,7.8,0.13,A1VMPZVVVZUCS4,3XUSYT70ITKF71B7OEUHH01F07UD0X,Approved,tzlocal(),QuadrupedHead,spin_val_parts,3,HITs/QuadrupedHead/spin_val_parts/live/group_3_3NXNZ5RS1BHK86W4NZGQY3OBN4Z799.json
3CP1TO84PULULIXMEXMEQW21QSV25Y,2025-08-21 12:47:22-06:00,2025-08-21 12:50:18-06:00,2025-08-21 12:47:22-0600,2025-08-21 12:50:18-0600,176.0,2.933333333333333,0.04888888888888889,AZLZA0Q87TJZO,3WGCNLZJKFRFEQWPKXYHV5KP5Z0D10,Approved,tzlocal(),QuadrupedHead,spin_val_parts,4,HITs/QuadrupedHead/spin_val_parts/live/group_4_3CP1TO84PULULIXMEXMEQW21QSV25Y.json
3YW4XOSQKR54HC55WUU8TPKCX38U1P,2025-08-21 11:58:00-06:00,2025-08-21 12:00:12-06:00,2025-08-21 11:58:00-0600,2025-08-21 12:00:12-0600,132.0,2.2,0.03666666666666667,A1VMPZVVVZUCS4,3WGCNLZJKFRFEQWPKXYHV5KP5Z0D10,Approved,tzlocal(),QuadrupedHead,spin_val_parts,4,HITs/QuadrupedHead/spin_val_parts/live/group_4_3YW4XOSQKR54HC55WUU8TPKCX38U1P.json
3E4GGUZ1T9BX31IPLKQKSLLJNIQ2KJ,2025-08-21 12:53:43-06:00,2025-08-21 12:58:57-06:00,2025-08-21 12:53:43-0600,2025-08-21 12:58:57-0600,314.0,5.233333333333333,0.08722222222222223,AZLZA0Q87TJZO,3I01FDIL6MRM3BEL31YV0OUUX5ED2H,Approved,tzlocal(),QuadrupedHead,spin_val_parts,5,HITs/QuadrupedHead/spin_val_parts/live/group_5_3E4GGUZ1T9BX31IPLKQKSLLJNIQ2KJ.json
3TMSXRD2X7KH9GUARU99BD59IJK1WW,2025-08-21 11:58:09-06:00,2025-08-21 12:04:58-06:00,2025-08-21 11:58:09-0600,2025-08-21 12:04:58-0600,409.0,6.816666666666666,0.11361111111111111,A1VMPZVVVZUCS4,3I01FDIL6MRM3BEL31YV0OUUX5ED2H,Approved,tzlocal(),QuadrupedHead,spin_val_parts,5,HITs/QuadrupedHead/spin_val_parts/live/group_5_3TMSXRD2X7KH9GUARU99BD59IJK1WW.json
3HMVI3QICKCLYLPA6VRXWAQPTRK1YV,2025-08-21 11:58:17-06:00,2025-08-21 12:07:30-06:00,2025-08-21 11:58:17-0600,2025-08-21 12:07:30-0600,553.0,9.216666666666667,0.15361111111111111,A1VMPZVVVZUCS4,32CXT5U14GMJ6SRW5DXLKFBL551U8B,Approved,tzlocal(),QuadrupedHead,spin_test_parts,0,HITs/QuadrupedHead/spin_test_parts/live/group_0_3HMVI3QICKCLYLPA6VRXWAQPTRK1YV.json
3L0KT67Y8F0LS5O4JE6HSBDYJRXSY6,2025-08-21 12:52:56-06:00,2025-08-21 12:58:15-06:00,2025-08-21 12:52:56-0600,2025-08-21 12:58:15-0600,319.0,5.316666666666666,0.08861111111111111,AZLZA0Q87TJZO,32CXT5U14GMJ6SRW5DXLKFBL551U8B,Approved,tzlocal(),QuadrupedHead,spin_test_parts,0,HITs/QuadrupedHead/spin_test_parts/live/group_0_3L0KT67Y8F0LS5O4JE6HSBDYJRXSY6.json
3RU7GD8VPPDRJRW3SRAYFKKMFMTSPB,2025-08-21 11:57:58-06:00,2025-08-21 11:59:25-06:00,2025-08-21 11:57:58-0600,2025-08-21 11:59:25-0600,87.0,1.45,0.024166666666666666,A1VMPZVVVZUCS4,3D1TUISJWIJCVY39EZ9CX45Z816UIJ,Approved,tzlocal(),QuadrupedHead,spin_test_parts,10,HITs/QuadrupedHead/spin_test_parts/live/group_10_3RU7GD8VPPDRJRW3SRAYFKKMFMTSPB.json
3W2LOLRXLCZE7LZA0A5LTTTRZA5KRF,2025-08-21 12:50:20-06:00,2025-08-21 12:54:21-06:00,2025-08-21 12:50:20-0600,2025-08-21 12:54:21-0600,241.0,4.016666666666667,0.06694444444444445,AZLZA0Q87TJZO,3D1TUISJWIJCVY39EZ9CX45Z816UIJ,Approved,tzlocal(),QuadrupedHead,spin_test_parts,10,HITs/QuadrupedHead/spin_test_parts/live/group_10_3W2LOLRXLCZE7LZA0A5LTTTRZA5KRF.json
354GIDR5ZCQOU18724COQDDVCM000R,2025-08-21 12:51:44-06:00,2025-08-21 12:57:08-06:00,2025-08-21 12:51:44-0600,2025-08-21 12:57:08-0600,324.0,5.4,0.09,AZLZA0Q87TJZO,3DFYDSXB2WJ8Q9NFWHUC95KZLGVUJV,Approved,tzlocal(),QuadrupedHead,spin_test_parts,11,HITs/QuadrupedHead/spin_test_parts/live/group_11_354GIDR5ZCQOU18724COQDDVCM000R.json
3WAKVUDHUX0ISYK7LABHUZBP0P8U7M,2025-08-21 11:58:28-06:00,2025-08-21 12:12:55-06:00,2025-08-21 11:58:28-0600,2025-08-21 12:12:55-0600,867.0,14.45,0.24083333333333334,A1VMPZVVVZUCS4,3DFYDSXB2WJ8Q9NFWHUC95KZLGVUJV,Approved,tzlocal(),QuadrupedHead,spin_test_parts,11,HITs/QuadrupedHead/spin_test_parts/live/group_11_3WAKVUDHUX0ISYK7LABHUZBP0P8U7M.json
3KGTPGBS6Y5B6XN1FYUMY8UHP9MU26,2025-08-21 11:58:01-06:00,2025-08-21 12:00:49-06:00,2025-08-21 11:58:01-0600,2025-08-21 12:00:49-0600,168.0,2.8,0.04666666666666667,A1VMPZVVVZUCS4,3OJX0UFJ0ZQJKXA6A53ZKB6WPBJU90,Approved,tzlocal(),QuadrupedHead,spin_test_parts,1,HITs/QuadrupedHead/spin_test_parts/live/group_1_3KGTPGBS6Y5B6XN1FYUMY8UHP9MU26.json
3TK8OJTYM257BJD7MMF3Q74TEQOPVE,2025-08-21 12:47:23-06:00,2025-08-21 12:51:42-06:00,2025-08-21 12:47:23-0600,2025-08-21 12:51:42-0600,259.0,4.316666666666666,0.07194444444444445,AZLZA0Q87TJZO,3OJX0UFJ0ZQJKXA6A53ZKB6WPBJU90,Approved,tzlocal(),QuadrupedHead,spin_test_parts,1,HITs/QuadrupedHead/spin_test_parts/live/group_1_3TK8OJTYM257BJD7MMF3Q74TEQOPVE.json
33PPUNGG39P9WGYW0B8VG8H43JIZRG,2025-08-21 12:47:19-06:00,2025-08-21 12:48:11-06:00,2025-08-21 12:47:19-0600,2025-08-21 12:48:11-0600,52.0,0.8666666666666667,0.014444444444444444,AZLZA0Q87TJZO,3VJ4PFXFJ3QXPGKB2BHZG6HGVT1UAF,Approved,tzlocal(),QuadrupedHead,spin_test_parts,2,HITs/QuadrupedHead/spin_test_parts/live/group_2_33PPUNGG39P9WGYW0B8VG8H43JIZRG.json
345LHZDEDYC0RFJKJY8RHIZ9VNMU3H,2025-08-21 11:58:03-06:00,2025-08-21 12:01:20-06:00,2025-08-21 11:58:03-0600,2025-08-21 12:01:20-0600,197.0,3.283333333333333,0.05472222222222222,A1VMPZVVVZUCS4,3VJ4PFXFJ3QXPGKB2BHZG6HGVT1UAF,Approved,tzlocal(),QuadrupedHead,spin_test_parts,2,HITs/QuadrupedHead/spin_test_parts/live/group_2_345LHZDEDYC0RFJKJY8RHIZ9VNMU3H.json
3TUI152ZZC7CPJYOFLA3JONNUI2Q1G,2025-08-21 11:58:24-06:00,2025-08-21 12:11:51-06:00,2025-08-21 11:58:24-0600,2025-08-21 12:11:51-0600,807.0,13.45,0.22416666666666665,A1VMPZVVVZUCS4,3VQTAXTYN3428QP38PHVBH1MDBMUBA,Approved,tzlocal(),QuadrupedHead,spin_test_parts,3,HITs/QuadrupedHead/spin_test_parts/live/group_3_3TUI152ZZC7CPJYOFLA3JONNUI2Q1G.json
3LS2AMNW5GAXLB5PLN8EVK0VNTDQO4,2025-08-21 12:54:24-06:00,2025-08-21 12:59:33-06:00,2025-08-21 12:54:24-0600,2025-08-21 12:59:33-0600,309.0,5.15,0.08583333333333333,AZLZA0Q87TJZO,32FESTC2NH9LIVH9MPDQM174VWMUCH,Approved,tzlocal(),QuadrupedHead,spin_test_parts,4,HITs/QuadrupedHead/spin_test_parts/live/group_4_3LS2AMNW5GAXLB5PLN8EVK0VNTDQO4.json
3YWRV122CTJMSCPQVF3N8Z7KB9EU89,2025-08-21 11:58:29-06:00,2025-08-21 12:13:26-06:00,2025-08-21 11:58:29-0600,2025-08-21 12:13:26-0600,897.0,14.95,0.24916666666666668,A1VMPZVVVZUCS4,32FESTC2NH9LIVH9MPDQM174VWMUCH,Approved,tzlocal(),QuadrupedHead,spin_test_parts,4,HITs/QuadrupedHead/spin_test_parts/live/group_4_3YWRV122CTJMSCPQVF3N8Z7KB9EU89.json
3CCZ6YKWR835L2ILZ61T0JAFWY559T,2025-08-21 12:57:10-06:00,2025-08-21 13:00:12-06:00,2025-08-21 12:57:10-0600,2025-08-21 13:00:12-0600,182.0,3.033333333333333,0.050555555555555555,AZLZA0Q87TJZO,3R0WOCG21MSVNNNNML8167PMGWYUDH,Approved,tzlocal(),QuadrupedHead,spin_test_parts,5,HITs/QuadrupedHead/spin_test_parts/live/group_5_3CCZ6YKWR835L2ILZ61T0JAFWY559T.json
3R9WASFE200CTQTN9G81ZJ3L0V6ZFK,2025-08-21 11:58:15-06:00,2025-08-21 12:06:42-06:00,2025-08-21 11:58:15-0600,2025-08-21 12:06:42-0600,507.0,8.45,0.14083333333333334,A1VMPZVVVZUCS4,3R0WOCG21MSVNNNNML8167PMGWYUDH,Approved,tzlocal(),QuadrupedHead,spin_test_parts,5,HITs/QuadrupedHead/spin_test_parts/live/group_5_3R9WASFE200CTQTN9G81ZJ3L0V6ZFK.json
3J88R45B2HIZF8I2M1GLES1EU1VPXG,2025-08-21 11:58:07-06:00,2025-08-21 12:02:29-06:00,2025-08-21 11:58:07-0600,2025-08-21 12:02:29-0600,262.0,4.366666666666666,0.07277777777777777,A1VMPZVVVZUCS4,3CIS7GGG6520FT1NIGJLCP77G8ZUEA,Approved,tzlocal(),QuadrupedHead,spin_test_parts,6,HITs/QuadrupedHead/spin_test_parts/live/group_6_3J88R45B2HIZF8I2M1GLES1EU1VPXG.json
3QL2OFSM972B9PVUFQ76WQB9T47NCH,2025-08-21 12:58:17-06:00,2025-08-21 13:01:17-06:00,2025-08-21 12:58:17-0600,2025-08-21 13:01:17-0600,180.0,3.0,0.05,AZLZA0Q87TJZO,3CIS7GGG6520FT1NIGJLCP77G8ZUEA,Approved,tzlocal(),QuadrupedHead,spin_test_parts,6,HITs/QuadrupedHead/spin_test_parts/live/group_6_3QL2OFSM972B9PVUFQ76WQB9T47NCH.json
30IQTZXKALQWRREI5G1VZR06MTJX0H,2025-08-21 11:58:11-06:00,2025-08-21 12:05:23-06:00,2025-08-21 11:58:11-0600,2025-08-21 12:05:23-0600,432.0,7.2,0.12,A1VMPZVVVZUCS4,3UEBBGULPF7SL71JDR3RU7S7S9EUFS,Approved,tzlocal(),QuadrupedHead,spin_test_parts,7,HITs/QuadrupedHead/spin_test_parts/live/group_7_30IQTZXKALQWRREI5G1VZR06MTJX0H.json
3URFVVM16621C8QD4530LJ4OAIMZUK,2025-08-21 12:49:44-06:00,2025-08-21 12:53:40-06:00,2025-08-21 12:49:44-0600,2025-08-21 12:53:40-0600,236.0,3.933333333333333,0.06555555555555556,AZLZA0Q87TJZO,3UEBBGULPF7SL71JDR3RU7S7S9EUFS,Approved,tzlocal(),QuadrupedHead,spin_test_parts,7,HITs/QuadrupedHead/spin_test_parts/live/group_7_3URFVVM16621C8QD4530LJ4OAIMZUK.json
33LK57MYLUPLXVY9F0806IM0PL1ZS4,2025-08-21 12:47:24-06:00,2025-08-21 12:52:10-06:00,2025-08-21 12:47:24-0600,2025-08-21 12:52:10-0600,286.0,4.766666666666667,0.07944444444444444,AZLZA0Q87TJZO,3QXFBUZ4ZKZYZ7XEOB99CSSJTOEUGR,Approved,tzlocal(),QuadrupedHead,spin_test_parts,8,HITs/QuadrupedHead/spin_test_parts/live/group_8_33LK57MYLUPLXVY9F0806IM0PL1ZS4.json
3K9FOBBF2I34CTP0S305Z91WNDKNLW,2025-08-21 11:58:22-06:00,2025-08-21 12:11:16-06:00,2025-08-21 11:58:22-0600,2025-08-21 12:11:16-0600,774.0,12.9,0.215,A1VMPZVVVZUCS4,3QXFBUZ4ZKZYZ7XEOB99CSSJTOEUGR,Approved,tzlocal(),QuadrupedHead,spin_test_parts,8,HITs/QuadrupedHead/spin_test_parts/live/group_8_3K9FOBBF2I34CTP0S305Z91WNDKNLW.json
3TXD01ZLD51L9B2OJCDARNRF9NIU42,2025-08-21 11:58:05-06:00,2025-08-21 12:01:58-06:00,2025-08-21 11:58:05-0600,2025-08-21 12:01:58-0600,233.0,3.8833333333333333,0.06472222222222222,A1VMPZVVVZUCS4,391FPZIE4C5CZ3SP8HRRXS4K8ORUHQ,Approved,tzlocal(),QuadrupedHead,spin_test_parts,9,HITs/QuadrupedHead/spin_test_parts/live/group_9_3TXD01ZLD51L9B2OJCDARNRF9NIU42.json
3YHH42UU5CZ1RXXTRXY7OX5JFKB0L0,2025-08-21 12:58:59-06:00,2025-08-21 13:01:49-06:00,2025-08-21 12:58:59-0600,2025-08-21 13:01:49-0600,170.0,2.8333333333333335,0.04722222222222222,AZLZA0Q87TJZO,391FPZIE4C5CZ3SP8HRRXS4K8ORUHQ,Approved,tzlocal(),QuadrupedHead,spin_test_parts,9,HITs/QuadrupedHead/spin_test_parts/live/group_9_3YHH42UU5CZ1RXXTRXY7OX5JFKB0L0.json
31QNSG6A5SDKU1DUI7ACY7T03YH87L,2025-08-21 12:09:44-06:00,2025-08-21 12:11:04-06:00,2025-08-21 12:09:44-0600,2025-08-21 12:11:04-0600,80.0,1.3333333333333333,0.022222222222222223,A2FP41BSPG0Y4A,3AFT28WXLFLHITJCIDX3YYDAQFIOI0,Approved,tzlocal(),QuadrupedBody,spin_val_parts,0,HITs/QuadrupedBody/spin_val_parts/live/group_0_31QNSG6A5SDKU1DUI7ACY7T03YH87L.json
3PZDLQMM0U5FK361T79M428BI9FC2E,2025-08-21 11:50:52-06:00,2025-08-21 12:04:58-06:00,2025-08-21 11:50:52-0600,2025-08-21 12:04:58-0600,846.0,14.1,0.235,ARQR5NIFA1AJ,3AFT28WXLFLHITJCIDX3YYDAQFIOI0,Approved,tzlocal(),QuadrupedBody,spin_val_parts,0,HITs/QuadrupedBody/spin_val_parts/live/group_0_3PZDLQMM0U5FK361T79M428BI9FC2E.json
3DR23U6WE6YO10KS8DZDVDH43Y5TEG,2025-08-21 11:51:00-06:00,2025-08-21 12:17:23-06:00,2025-08-21 11:51:00-0600,2025-08-21 12:17:23-0600,1583.0,26.383333333333333,0.43972222222222224,ARQR5NIFA1AJ,3ATYLI1PRTLDD43I0VI3AZSA3U7OJC,Approved,tzlocal(),QuadrupedBody,spin_val_parts,1,HITs/QuadrupedBody/spin_val_parts/live/group_1_3DR23U6WE6YO10KS8DZDVDH43Y5TEG.json
3ITXP059PX3VXGT5XE5EIOYA6NOJS3,2025-08-21 12:38:46-06:00,2025-08-21 12:41:52-06:00,2025-08-21 12:38:46-0600,2025-08-21 12:41:52-0600,186.0,3.1,0.051666666666666666,A2FP41BSPG0Y4A,3ATYLI1PRTLDD43I0VI3AZSA3U7OJC,Approved,tzlocal(),QuadrupedBody,spin_val_parts,1,HITs/QuadrupedBody/spin_val_parts/live/group_1_3ITXP059PX3VXGT5XE5EIOYA6NOJS3.json
3L0KT67Y8F0LS5O4JE6HSBDYJRWYSB,2025-08-21 12:22:10-06:00,2025-08-21 12:36:02-06:00,2025-08-21 12:22:10-0600,2025-08-21 12:36:02-0600,832.0,13.866666666666667,0.2311111111111111,ARQR5NIFA1AJ,3OYHVNTV5TH8OO90IGIFBESNIJ7OKB,Approved,tzlocal(),QuadrupedBody,spin_val_parts,2,HITs/QuadrupedBody/spin_val_parts/live/group_2_3L0KT67Y8F0LS5O4JE6HSBDYJRWYSB.json
3TR2532VIQEQAIV8Q12BHJ2IOYR6J4,2025-08-21 12:25:50-06:00,2025-08-21 12:30:54-06:00,2025-08-21 12:25:50-0600,2025-08-21 12:30:54-0600,304.0,5.066666666666666,0.08444444444444445,A2FP41BSPG0Y4A,3OYHVNTV5TH8OO90IGIFBESNIJ7OKB,Approved,tzlocal(),QuadrupedBody,spin_val_parts,2,HITs/QuadrupedBody/spin_val_parts/live/group_2_3TR2532VIQEQAIV8Q12BHJ2IOYR6J4.json
32M8BPYGAU6WC008KWQXH9075X5IG6,2025-08-21 12:22:10-06:00,2025-08-21 12:23:41-06:00,2025-08-21 12:22:10-0600,2025-08-21 12:23:41-0600,91.0,1.5166666666666666,0.025277777777777777,A2FP41BSPG0Y4A,3THR0FZ95PCJ8URI3GUGQE527JCOLE,Approved,tzlocal(),QuadrupedBody,spin_val_parts,3,HITs/QuadrupedBody/spin_val_parts/live/group_3_32M8BPYGAU6WC008KWQXH9075X5IG6.json
3NGI5ARFTUPRP7X9F8VEJJXDPMGP1O,2025-08-21 11:51:06-06:00,2025-08-21 12:22:04-06:00,2025-08-21 11:51:06-0600,2025-08-21 12:22:04-0600,1858.0,30.966666666666665,0.5161111111111111,ARQR5NIFA1AJ,3THR0FZ95PCJ8URI3GUGQE527JCOLE,Approved,tzlocal(),QuadrupedBody,spin_val_parts,3,HITs/QuadrupedBody/spin_val_parts/live/group_3_3NGI5ARFTUPRP7X9F8VEJJXDPMGP1O.json
31HQ4X3T3TU1S6H50ZHRY3B2ACTSLE,2025-08-21 12:43:40-06:00,2025-08-21 12:45:43-06:00,2025-08-21 12:43:40-0600,2025-08-21 12:45:43-0600,123.0,2.05,0.034166666666666665,A2FP41BSPG0Y4A,3CRWSLD91KN3EC933SVVQRKR7O2OMG,Approved,tzlocal(),QuadrupedBody,spin_val_parts,4,HITs/QuadrupedBody/spin_val_parts/live/group_4_31HQ4X3T3TU1S6H50ZHRY3B2ACTSLE.json
3PZDLQMM0U5FK361T79M428BI9GC2F,2025-08-21 12:20:52-06:00,2025-08-21 12:34:59-06:00,2025-08-21 12:20:52-0600,2025-08-21 12:34:59-0600,847.0,14.116666666666667,0.23527777777777778,ARQR5NIFA1AJ,3CRWSLD91KN3EC933SVVQRKR7O2OMG,Approved,tzlocal(),QuadrupedBody,spin_val_parts,4,HITs/QuadrupedBody/spin_val_parts/live/group_4_3PZDLQMM0U5FK361T79M428BI9GC2F.json
34QN5IT0T0B6CQDAX8P3JSJDVKB80L,2025-08-21 12:06:27-06:00,2025-08-21 12:09:43-06:00,2025-08-21 12:06:27-0600,2025-08-21 12:09:43-0600,196.0,3.2666666666666666,0.05444444444444444,A2FP41BSPG0Y4A,3MWOYZD5WV79WUU3FTAV369RCECONG,Approved,tzlocal(),QuadrupedBody,spin_val_parts,5,HITs/QuadrupedBody/spin_val_parts/live/group_5_34QN5IT0T0B6CQDAX8P3JSJDVKB80L.json
3VELCLL3GL3FYU8F15Z97PJ9NGTF1B,2025-08-21 11:51:08-06:00,2025-08-21 12:23:40-06:00,2025-08-21 11:51:08-0600,2025-08-21 12:23:40-0600,1952.0,32.53333333333333,0.5422222222222223,ARQR5NIFA1AJ,3MWOYZD5WV79WUU3FTAV369RCECONG,Approved,tzlocal(),QuadrupedBody,spin_val_parts,5,HITs/QuadrupedBody/spin_val_parts/live/group_5_3VELCLL3GL3FYU8F15Z97PJ9NGTF1B.json
36DSNE9QZ6IGZO1CQXO5YJO99YKJO5,2025-08-21 11:50:50-06:00,2025-08-21 11:57:51-06:00,2025-08-21 11:50:50-0600,2025-08-21 11:57:51-0600,421.0,7.016666666666667,0.11694444444444445,ARQR5NIFA1AJ,3087LXLJ6MZC5LP3FKP75040CKAF0A,Approved,tzlocal(),QuadrupedBody,spin_test_parts,0,HITs/QuadrupedBody/spin_test_parts/live/group_0_36DSNE9QZ6IGZO1CQXO5YJO99YKJO5.json
3ZSY5X72NYVXXCKPY2XE0AA0JFFRO6,2025-08-21 12:30:54-06:00,2025-08-21 12:33:48-06:00,2025-08-21 12:30:54-0600,2025-08-21 12:33:48-0600,174.0,2.9,0.04833333333333333,A2FP41BSPG0Y4A,3087LXLJ6MZC5LP3FKP75040CKAF0A,Approved,tzlocal(),QuadrupedBody,spin_test_parts,0,HITs/QuadrupedBody/spin_test_parts/live/group_0_3ZSY5X72NYVXXCKPY2XE0AA0JFFRO6.json
39RP059MEIDMH2IOPPWB8RGR6TWMB8,2025-08-21 11:51:04-06:00,2025-08-21 12:20:43-06:00,2025-08-21 11:51:04-0600,2025-08-21 12:20:43-0600,1779.0,29.65,0.49416666666666664,ARQR5NIFA1AJ,3S1L4CQSFXO86YNL7MM0U6GDL6MFA1,Approved,tzlocal(),QuadrupedBody,spin_test_parts,10,HITs/QuadrupedBody/spin_test_parts/live/group_10_39RP059MEIDMH2IOPPWB8RGR6TWMB8.json
3WR9XG3T64VJB0QS64KZHVDV1CK74C,2025-08-21 11:50:49-06:00,2025-08-21 11:56:16-06:00,2025-08-21 11:50:49-0600,2025-08-21 11:56:16-0600,327.0,5.45,0.09083333333333334,ARQR5NIFA1AJ,3S8APUMBJX2DP8SDD0MWPH0J3O7FBW,Approved,tzlocal(),QuadrupedBody,spin_test_parts,11,HITs/QuadrupedBody/spin_test_parts/live/group_11_3WR9XG3T64VJB0QS64KZHVDV1CK74C.json
3TPZPLC3M1WNZABO2C9X7CCAN6UP3G,2025-08-21 11:51:19-06:00,2025-08-21 12:31:50-06:00,2025-08-21 11:51:19-0600,2025-08-21 12:31:50-0600,2431.0,40.516666666666666,0.6752777777777778,ARQR5NIFA1AJ,3ZURAPD2886CCAALB3T7J5NAHCGF1D,Approved,tzlocal(),QuadrupedBody,spin_test_parts,1,HITs/QuadrupedBody/spin_test_parts/live/group_1_3TPZPLC3M1WNZABO2C9X7CCAN6UP3G.json
3GGAI1SQEWI5R7AU3PS6JBM9OEWMCF,2025-08-21 11:51:12-06:00,2025-08-21 12:27:40-06:00,2025-08-21 11:51:12-0600,2025-08-21 12:27:40-0600,2188.0,36.46666666666667,0.6077777777777778,ARQR5NIFA1AJ,3538U0YQ1FD8MDO0Y77Q7Y27FWUF35,Approved,tzlocal(),QuadrupedBody,spin_test_parts,3,HITs/QuadrupedBody/spin_test_parts/live/group_3_3GGAI1SQEWI5R7AU3PS6JBM9OEWMCF.json
373ERPL3YPSDA4PXUJJDUKGNINVRTR,2025-08-21 11:50:56-06:00,2025-08-21 12:15:57-06:00,2025-08-21 11:50:56-0600,2025-08-21 12:15:57-0600,1501.0,25.016666666666666,0.41694444444444445,ARQR5NIFA1AJ,3UV0D2KX1M2T4974YLC9H3UDTWQF4Q,Approved,tzlocal(),QuadrupedBody,spin_test_parts,4,HITs/QuadrupedBody/spin_test_parts/live/group_4_373ERPL3YPSDA4PXUJJDUKGNINVRTR.json
3907X2AHF1PYESF5YCVSO27IHSUP25,2025-08-21 11:51:10-06:00,2025-08-21 12:25:47-06:00,2025-08-21 11:51:10-0600,2025-08-21 12:25:47-0600,2077.0,34.61666666666667,0.5769444444444445,ARQR5NIFA1AJ,3MNJFORX8BNB0SB4CQVJMV0RTSLF5V,Approved,tzlocal(),QuadrupedBody,spin_test_parts,5,HITs/QuadrupedBody/spin_test_parts/live/group_5_3907X2AHF1PYESF5YCVSO27IHSUP25.json
3OUYGIZWR8IRIICRJPRE5EE3KUAP0L,2025-08-21 11:51:01-06:00,2025-08-21 12:18:59-06:00,2025-08-21 11:51:01-0600,2025-08-21 12:18:59-0600,1678.0,27.966666666666665,0.4661111111111111,ARQR5NIFA1AJ,3E6L1VR4XW57JWBIH95OE1ERPNWF6B,Approved,tzlocal(),QuadrupedBody,spin_test_parts,6,HITs/QuadrupedBody/spin_test_parts/live/group_6_3OUYGIZWR8IRIICRJPRE5EE3KUAP0L.json
3VSOLARPKCT27NVHLND0LMCVI2D936,2025-08-21 12:23:41-06:00,2025-08-21 12:25:49-06:00,2025-08-21 12:23:41-0600,2025-08-21 12:25:49-0600,128.0,2.1333333333333333,0.035555555555555556,A2FP41BSPG0Y4A,3E6L1VR4XW57JWBIH95OE1ERPNWF6B,Approved,tzlocal(),QuadrupedBody,spin_test_parts,6,HITs/QuadrupedBody/spin_test_parts/live/group_6_3VSOLARPKCT27NVHLND0LMCVI2D936.json
32EYX73OY1TSAH4MUO9NZG2P112RUI,2025-08-21 11:51:15-06:00,2025-08-21 12:28:22-06:00,2025-08-21 11:51:15-0600,2025-08-21 12:28:22-0600,2227.0,37.11666666666667,0.6186111111111111,ARQR5NIFA1AJ,3X878VYTIE1QNWPN0JAGKFENKYGF7A,Approved,tzlocal(),QuadrupedBody,spin_test_parts,7,HITs/QuadrupedBody/spin_test_parts/live/group_7_32EYX73OY1TSAH4MUO9NZG2P112RUI.json
3IQ1VMJRYU42R8U2U2SA8UQ1OC49A1,2025-08-21 11:50:54-06:00,2025-08-21 12:09:14-06:00,2025-08-21 11:50:54-0600,2025-08-21 12:09:14-0600,1100.0,18.333333333333332,0.3055555555555556,ARQR5NIFA1AJ,3ZUE82NE0AKUNAU6AO2MYFAIVIMF8X,Approved,tzlocal(),QuadrupedBody,spin_test_parts,8,HITs/QuadrupedBody/spin_test_parts/live/group_8_3IQ1VMJRYU42R8U2U2SA8UQ1OC49A1.json
39K0FND3AIZHYSDWJBWFDGWLOBBMAD,2025-08-21 11:50:47-06:00,2025-08-21 11:55:36-06:00,2025-08-21 11:50:47-0600,2025-08-21 11:55:36-0600,289.0,4.816666666666666,0.08027777777777778,ARQR5NIFA1AJ,3L1EFR8WWTOU1FDGFG80YB5TFO4F9M,Approved,tzlocal(),QuadrupedBody,spin_test_parts,9,HITs/QuadrupedBody/spin_test_parts/live/group_9_39K0FND3AIZHYSDWJBWFDGWLOBBMAD.json
3OVHNO1VE7LFV6FRIADBBJ00OIUDZR,2025-08-21 17:04:53-06:00,2025-08-21 17:06:58-06:00,2025-08-21 17:04:53-0600,2025-08-21 17:06:58-0600,125.0,2.0833333333333335,0.034722222222222224,A1VMPZVVVZUCS4,3IZVJEBJ6A3DOD2IILZVHTU91SQZ6J,Approved,tzlocal(),QuadrupedFoot,spin_val_parts,0,HITs/QuadrupedFoot/spin_val_parts/live/group_0_3OVHNO1VE7LFV6FRIADBBJ00OIUDZR.json
3R6BYFZZP8WNOVT88YKG2YNASVCXFP,2025-08-21 17:53:37-06:00,2025-08-21 17:56:27-06:00,2025-08-21 17:53:37-0600,2025-08-21 17:56:27-0600,170.0,2.8333333333333335,0.04722222222222222,AZLZA0Q87TJZO,3IZVJEBJ6A3DOD2IILZVHTU91SQZ6J,Approved,tzlocal(),QuadrupedFoot,spin_val_parts,0,HITs/QuadrupedFoot/spin_val_parts/live/group_0_3R6BYFZZP8WNOVT88YKG2YNASVCXFP.json
3DHE4R9OCXVS1FM6VT55UTTQG1C2GJ,2025-08-21 17:47:15-06:00,2025-08-21 17:49:04-06:00,2025-08-21 17:47:15-0600,2025-08-21 17:49:04-0600,109.0,1.8166666666666667,0.03027777777777778,AZLZA0Q87TJZO,311HQEI8RSZWSDGN1V4NN7U5W3AZ7I,Approved,tzlocal(),QuadrupedFoot,spin_val_parts,1,HITs/QuadrupedFoot/spin_val_parts/live/group_1_3DHE4R9OCXVS1FM6VT55UTTQG1C2GJ.json
3WQ3B2KGE90PLDWZW3DDOZSO8I51BJ,2025-08-21 17:04:55-06:00,2025-08-21 17:07:57-06:00,2025-08-21 17:04:55-0600,2025-08-21 17:07:57-0600,182.0,3.033333333333333,0.050555555555555555,A1VMPZVVVZUCS4,311HQEI8RSZWSDGN1V4NN7U5W3AZ7I,Approved,tzlocal(),QuadrupedFoot,spin_val_parts,1,HITs/QuadrupedFoot/spin_val_parts/live/group_1_3WQ3B2KGE90PLDWZW3DDOZSO8I51BJ.json
3EWIJTFFVPRNLRN1ABB3B2FZ6NCE0T,2025-08-21 17:04:54-06:00,2025-08-21 17:07:29-06:00,2025-08-21 17:04:54-0600,2025-08-21 17:07:29-0600,155.0,2.5833333333333335,0.043055555555555555,A1VMPZVVVZUCS4,33NOQL7T9OI0SRL6B0WT17Q07NGZ85,Approved,tzlocal(),QuadrupedFoot,spin_val_parts,2,HITs/QuadrupedFoot/spin_val_parts/live/group_2_3EWIJTFFVPRNLRN1ABB3B2FZ6NCE0T.json
3X3OR7WPZ0KJ9M2WM1BMHCB1YIPL8A,2025-08-21 17:47:17-06:00,2025-08-21 17:50:31-06:00,2025-08-21 17:47:17-0600,2025-08-21 17:50:31-0600,194.0,3.2333333333333334,0.05388888888888889,AZLZA0Q87TJZO,33NOQL7T9OI0SRL6B0WT17Q07NGZ85,Approved,tzlocal(),QuadrupedFoot,spin_val_parts,2,HITs/QuadrupedFoot/spin_val_parts/live/group_2_3X3OR7WPZ0KJ9M2WM1BMHCB1YIPL8A.json
35DR22AR5E4S8JDFO3JE1PYDP57X3G,2025-08-21 17:49:41-06:00,2025-08-21 17:53:35-06:00,2025-08-21 17:49:41-0600,2025-08-21 17:53:35-0600,234.0,3.9,0.065,AZLZA0Q87TJZO,3PUOXASB57M06W4GGS2713LBRTYZ9U,Approved,tzlocal(),QuadrupedFoot,spin_val_parts,3,HITs/QuadrupedFoot/spin_val_parts/live/group_3_35DR22AR5E4S8JDFO3JE1PYDP57X3G.json
3VW6495TLKKIOR0DIKY6AX1Z0CVYYS,2025-08-21 17:04:51-06:00,2025-08-21 17:06:20-06:00,2025-08-21 17:04:51-0600,2025-08-21 17:06:20-0600,89.0,1.4833333333333334,0.024722222222222222,A1VMPZVVVZUCS4,3PUOXASB57M06W4GGS2713LBRTYZ9U,Approved,tzlocal(),QuadrupedFoot,spin_val_parts,3,HITs/QuadrupedFoot/spin_val_parts/live/group_3_3VW6495TLKKIOR0DIKY6AX1Z0CVYYS.json
3K3R2QNK8CNM6H8007918V2VVF0U92,2025-08-21 17:48:24-06:00,2025-08-21 17:51:59-06:00,2025-08-21 17:48:24-0600,2025-08-21 17:51:59-0600,215.0,3.5833333333333335,0.059722222222222225,AZLZA0Q87TJZO,3WUVMVA7OBMEBFEL8YG7XYWVXBGZA9,Approved,tzlocal(),QuadrupedFoot,spin_val_parts,4,HITs/QuadrupedFoot/spin_val_parts/live/group_4_3K3R2QNK8CNM6H8007918V2VVF0U92.json
3OS4RQUCRAZGBSQ732SYD1WI9SOBFU,2025-08-21 17:05:20-06:00,2025-08-21 17:08:43-06:00,2025-08-21 17:05:20-0600,2025-08-21 17:08:43-0600,203.0,3.3833333333333333,0.05638888888888889,A1VMPZVVVZUCS4,3WUVMVA7OBMEBFEL8YG7XYWVXBGZA9,Approved,tzlocal(),QuadrupedFoot,spin_val_parts,4,HITs/QuadrupedFoot/spin_val_parts/live/group_4_3OS4RQUCRAZGBSQ732SYD1WI9SOBFU.json
3180JW2OT5WUREVULIS6PDOIS3JJ54,2025-08-21 17:06:03-06:00,2025-08-21 17:14:44-06:00,2025-08-21 17:06:03-0600,2025-08-21 17:14:44-0600,521.0,8.683333333333334,0.14472222222222222,A1VMPZVVVZUCS4,3W1K7D6QSB0JUPJDECG3S9G1FT1ZB4,Approved,tzlocal(),QuadrupedFoot,spin_test_parts,0,HITs/QuadrupedFoot/spin_test_parts/live/group_0_3180JW2OT5WUREVULIS6PDOIS3JJ54.json
3MH9DQ757XW1LRV8EDFB0COIZSVUGT,2025-08-21 17:52:36-06:00,2025-08-21 17:55:43-06:00,2025-08-21 17:52:36-0600,2025-08-21 17:55:43-0600,187.0,3.1166666666666667,0.051944444444444446,AZLZA0Q87TJZO,3W1K7D6QSB0JUPJDECG3S9G1FT1ZB4,Approved,tzlocal(),QuadrupedFoot,spin_test_parts,0,HITs/QuadrupedFoot/spin_test_parts/live/group_0_3MH9DQ757XW1LRV8EDFB0COIZSVUGT.json
39GHHAVOMGBCVVRU7D9WKLI4S7OJ4Z,2025-08-21 17:06:01-06:00,2025-08-21 17:10:46-06:00,2025-08-21 17:06:01-0600,2025-08-21 17:10:46-0600,285.0,4.75,0.07916666666666666,A1VMPZVVVZUCS4,33Q5P9PUSP524UBJSCCY3TMJXE1ZCB,Approved,tzlocal(),QuadrupedFoot,spin_test_parts,1,HITs/QuadrupedFoot/spin_test_parts/live/group_1_39GHHAVOMGBCVVRU7D9WKLI4S7OJ4Z.json
31UV0MXWNRWYW3BO3076DC9IFOV5IF,2025-08-21 17:54:13-06:00,2025-08-21 17:57:08-06:00,2025-08-21 17:54:13-0600,2025-08-21 17:57:08-0600,175.0,2.9166666666666665,0.04861111111111111,AZLZA0Q87TJZO,3VAOOVPI3ZBB29OLQOEOYX18CE8LLV,Approved,tzlocal(),QuadrupedFoot,spin_test_parts,2,HITs/QuadrupedFoot/spin_test_parts/live/group_2_31UV0MXWNRWYW3BO3076DC9IFOV5IF.json
3LRKMWOKB61SSWHBLLTUF09WRR4Z23,2025-08-21 17:06:11-06:00,2025-08-21 17:17:15-06:00,2025-08-21 17:06:11-0600,2025-08-21 17:17:15-0600,664.0,11.066666666666666,0.18444444444444444,A1VMPZVVVZUCS4,3VAOOVPI3ZBB29OLQOEOYX18CE8LLV,Approved,tzlocal(),QuadrupedFoot,spin_test_parts,2,HITs/QuadrupedFoot/spin_test_parts/live/group_2_3LRKMWOKB61SSWHBLLTUF09WRR4Z23.json
3MAOD8E57RUZCN6P6M3TA3WJUMYNXM,2025-08-21 17:51:12-06:00,2025-08-21 17:54:57-06:00,2025-08-21 17:51:12-0600,2025-08-21 17:54:57-0600,225.0,3.75,0.0625,AZLZA0Q87TJZO,3EKTG13IZUMV8R66Q0F3YAGXCJYLMX,Approved,tzlocal(),QuadrupedFoot,spin_test_parts,3,HITs/QuadrupedFoot/spin_test_parts/live/group_3_3MAOD8E57RUZCN6P6M3TA3WJUMYNXM.json
3MMN5BL1W0OHE7EBAWH5Q8IFI1N3M2,2025-08-21 17:05:57-06:00,2025-08-21 17:09:19-06:00,2025-08-21 17:05:57-0600,2025-08-21 17:09:19-0600,202.0,3.3666666666666667,0.05611111111111111,A1VMPZVVVZUCS4,3EKTG13IZUMV8R66Q0F3YAGXCJYLMX,Approved,tzlocal(),QuadrupedFoot,spin_test_parts,3,HITs/QuadrupedFoot/spin_test_parts/live/group_3_3MMN5BL1W0OHE7EBAWH5Q8IFI1N3M2.json
3TYCR1GOTD3YTI3JVRBZUW85XRWZLT,2025-08-21 17:47:14-06:00,2025-08-21 17:48:22-06:00,2025-08-21 17:47:14-0600,2025-08-21 17:48:22-0600,68.0,1.1333333333333333,0.01888888888888889,AZLZA0Q87TJZO,3OPLMF3EU561Q9R621U3BP5XH98LNX,Approved,tzlocal(),QuadrupedFoot,spin_test_parts,4,HITs/QuadrupedFoot/spin_test_parts/live/group_4_3TYCR1GOTD3YTI3JVRBZUW85XRWZLT.json
3WRFBPLXRB8NWPZBMXW53N7FNRX3N2,2025-08-21 17:05:59-06:00,2025-08-21 17:09:51-06:00,2025-08-21 17:05:59-0600,2025-08-21 17:09:51-0600,232.0,3.8666666666666667,0.06444444444444444,A1VMPZVVVZUCS4,3OPLMF3EU561Q9R621U3BP5XH98LNX,Approved,tzlocal(),QuadrupedFoot,spin_test_parts,4,HITs/QuadrupedFoot/spin_test_parts/live/group_4_3WRFBPLXRB8NWPZBMXW53N7FNRX3N2.json
35GCEFQ6I68HDEDUPL7ZYAEOX54Z3E,2025-08-21 17:06:13-06:00,2025-08-21 17:17:45-06:00,2025-08-21 17:06:13-0600,2025-08-21 17:17:45-0600,692.0,11.533333333333333,0.1922222222222222,A1VMPZVVVZUCS4,3THR0FZ95PCJ8URI3GUGQE527JDLOC,Approved,tzlocal(),QuadrupedFoot,spin_test_parts,5,HITs/QuadrupedFoot/spin_test_parts/live/group_5_35GCEFQ6I68HDEDUPL7ZYAEOX54Z3E.json
3TAYZSBPLMSVRKVXQTZMJ7CT4C5S2S,2025-08-21 17:50:33-06:00,2025-08-21 17:54:11-06:00,2025-08-21 17:50:33-0600,2025-08-21 17:54:11-0600,218.0,3.6333333333333333,0.06055555555555556,AZLZA0Q87TJZO,3THR0FZ95PCJ8URI3GUGQE527JDLOC,Approved,tzlocal(),QuadrupedFoot,spin_test_parts,5,HITs/QuadrupedFoot/spin_test_parts/live/group_5_3TAYZSBPLMSVRKVXQTZMJ7CT4C5S2S.json
3B837J3LDPGCV4CI5JENKFK1G4LRS6,2025-08-21 17:47:16-06:00,2025-08-21 17:49:38-06:00,2025-08-21 17:47:16-0600,2025-08-21 17:49:38-0600,142.0,2.3666666666666667,0.03944444444444444,AZLZA0Q87TJZO,3LN50BUKPVU1TU3JIG7VFEASHO9LPT,Approved,tzlocal(),QuadrupedFoot,spin_test_parts,6,HITs/QuadrupedFoot/spin_test_parts/live/group_6_3B837J3LDPGCV4CI5JENKFK1G4LRS6.json
3KB8R4ZV1FRMPSM2EMYGVMWUA7OBGT,2025-08-21 17:06:07-06:00,2025-08-21 17:15:37-06:00,2025-08-21 17:06:07-0600,2025-08-21 17:15:37-0600,570.0,9.5,0.15833333333333333,A1VMPZVVVZUCS4,3LN50BUKPVU1TU3JIG7VFEASHO9LPT,Approved,tzlocal(),QuadrupedFoot,spin_test_parts,6,HITs/QuadrupedFoot/spin_test_parts/live/group_6_3KB8R4ZV1FRMPSM2EMYGVMWUA7OBGT.json
30IQTZXKALQWRREI5G1VZR06MTNX0L,2025-08-21 17:49:06-06:00,2025-08-21 17:52:35-06:00,2025-08-21 17:49:06-0600,2025-08-21 17:52:35-0600,209.0,3.4833333333333334,0.058055555555555555,AZLZA0Q87TJZO,3R15W654VDCMT64YITMKFJ02MKVLQK,Approved,tzlocal(),QuadrupedFoot,spin_test_parts,7,HITs/QuadrupedFoot/spin_test_parts/live/group_7_30IQTZXKALQWRREI5G1VZR06MTNX0L.json
3S06PH7KSSOI0AUJAZ4JJPGOB3H1DQ,2025-08-21 17:06:05-06:00,2025-08-21 17:15:11-06:00,2025-08-21 17:06:05-0600,2025-08-21 17:15:11-0600,546.0,9.1,0.15166666666666667,A1VMPZVVVZUCS4,3R15W654VDCMT64YITMKFJ02MKVLQK,Approved,tzlocal(),QuadrupedFoot,spin_test_parts,7,HITs/QuadrupedFoot/spin_test_parts/live/group_7_3S06PH7KSSOI0AUJAZ4JJPGOB3H1DQ.json
373ERPL3YPSDA4PXUJJDUKGNINZRTV,2025-08-21 17:47:18-06:00,2025-08-21 17:51:10-06:00,2025-08-21 17:47:18-0600,2025-08-21 17:51:10-0600,232.0,3.8666666666666667,0.06444444444444444,AZLZA0Q87TJZO,3511RHPADVXM57JYV8BKK9A7I6XLRL,Approved,tzlocal(),QuadrupedFoot,spin_test_parts,8,HITs/QuadrupedFoot/spin_test_parts/live/group_8_373ERPL3YPSDA4PXUJJDUKGNINZRTV.json
3NG53N1RLW3907HUET4TYTKL3SQ8PV,2025-08-21 17:06:09-06:00,2025-08-21 17:16:46-06:00,2025-08-21 17:06:09-0600,2025-08-21 17:16:46-0600,637.0,10.616666666666667,0.17694444444444443,A1VMPZVVVZUCS4,3511RHPADVXM57JYV8BKK9A7I6XLRL,Approved,tzlocal(),QuadrupedFoot,spin_test_parts,8,HITs/QuadrupedFoot/spin_test_parts/live/group_8_3NG53N1RLW3907HUET4TYTKL3SQ8PV.json
336KAV9KYRCSN676PZRB1T0ULX22YH,2025-08-21 17:56:17-06:00,2025-08-21 18:07:37-06:00,2025-08-21 17:56:17-0600,2025-08-21 18:07:37-0600,680.0,11.333333333333334,0.18888888888888888,ARQR5NIFA1AJ,3OLZC0DJ8JYC8DS9JPJHTQ7IM8GIVX,Approved,tzlocal(),QuadrupedTail,spin_val_parts,0,HITs/QuadrupedTail/spin_val_parts/live/group_0_336KAV9KYRCSN676PZRB1T0ULX22YH.json
3HMIGG0U4MQ39L9V5G0CBKDX7XT8YP,2025-08-21 17:13:07-06:00,2025-08-21 17:17:52-06:00,2025-08-21 17:13:07-0600,2025-08-21 17:17:52-0600,285.0,4.75,0.07916666666666666,A2FP41BSPG0Y4A,3OLZC0DJ8JYC8DS9JPJHTQ7IM8GIVX,Approved,tzlocal(),QuadrupedTail,spin_val_parts,0,HITs/QuadrupedTail/spin_val_parts/live/group_0_3HMIGG0U4MQ39L9V5G0CBKDX7XT8YP.json
31JLPPHS2VE5EAZNNCWIIC7KD12O32,2025-08-21 17:56:21-06:00,2025-08-21 18:10:31-06:00,2025-08-21 17:56:21-0600,2025-08-21 18:10:31-0600,850.0,14.166666666666666,0.2361111111111111,ARQR5NIFA1AJ,38RHULDV9YYPN2SE9ZODFSQWTHIIW7,Approved,tzlocal(),QuadrupedTail,spin_val_parts,1,HITs/QuadrupedTail/spin_val_parts/live/group_1_31JLPPHS2VE5EAZNNCWIIC7KD12O32.json
35DR22AR5E4S8JDFO3JE1PYDP573XM,2025-08-21 17:10:31-06:00,2025-08-21 17:13:05-06:00,2025-08-21 17:10:31-0600,2025-08-21 17:13:05-0600,154.0,2.566666666666667,0.042777777777777776,A2FP41BSPG0Y4A,38RHULDV9YYPN2SE9ZODFSQWTHIIW7,Approved,tzlocal(),QuadrupedTail,spin_val_parts,1,HITs/QuadrupedTail/spin_val_parts/live/group_1_35DR22AR5E4S8JDFO3JE1PYDP573XM.json
3I3WADAZ9RO8SPMR1VKBX954RXTO5S,2025-08-21 17:57:16-06:00,2025-08-21 18:12:34-06:00,2025-08-21 17:57:16-0600,2025-08-21 18:12:34-0600,918.0,15.3,0.255,ARQR5NIFA1AJ,3E9ZFLPWOYB4C2X4J4KZHB432JOIX0,Approved,tzlocal(),QuadrupedTail,spin_test_parts,0,HITs/QuadrupedTail/spin_test_parts/live/group_0_3I3WADAZ9RO8SPMR1VKBX954RXTO5S.json
3Z7ISHFUH1F3EBJ0122VPRMZDRWZ86,2025-08-21 17:10:45-06:00,2025-08-21 17:15:52-06:00,2025-08-21 17:10:45-0600,2025-08-21 17:15:52-0600,307.0,5.116666666666666,0.08527777777777777,A2FP41BSPG0Y4A,3E9ZFLPWOYB4C2X4J4KZHB432JOIX0,Approved,tzlocal(),QuadrupedTail,spin_test_parts,0,HITs/QuadrupedTail/spin_test_parts/live/group_0_3Z7ISHFUH1F3EBJ0122VPRMZDRWZ86.json
37UQDCYH6YFI5D97Q0LMQLD8EWM7VT,2025-08-21 17:56:23-06:00,2025-08-21 18:11:43-06:00,2025-08-21 17:56:23-0600,2025-08-21 18:11:43-0600,920.0,15.333333333333334,0.25555555555555554,ARQR5NIFA1AJ,3WRKFXQBOBQTC7NEO0610PBC4PIIY6,Approved,tzlocal(),QuadrupedTail,spin_test_parts,1,HITs/QuadrupedTail/spin_test_parts/live/group_1_37UQDCYH6YFI5D97Q0LMQLD8EWM7VT.json
3GA6AFUKOP8VMTD0JZ1SY3AJ1FOH37,2025-08-21 17:15:01-06:00,2025-08-21 17:18:50-06:00,2025-08-21 17:15:01-0600,2025-08-21 17:18:50-0600,229.0,3.816666666666667,0.0636111111111111,A2FP41BSPG0Y4A,3WRKFXQBOBQTC7NEO0610PBC4PIIY6,Approved,tzlocal(),QuadrupedTail,spin_test_parts,1,HITs/QuadrupedTail/spin_test_parts/live/group_1_3GA6AFUKOP8VMTD0JZ1SY3AJ1FOH37.json
337RC3OW06MHKYY9UUMW9QV99GQLVF,2025-08-21 17:15:57-06:00,2025-08-21 17:19:41-06:00,2025-08-21 17:15:57-0600,2025-08-21 17:19:41-0600,224.0,3.7333333333333334,0.06222222222222222,A2FP41BSPG0Y4A,3ECKRY5B1QFTHXXJKM8KEWKEAJMIZX,Approved,tzlocal(),QuadrupedTail,spin_test_parts,2,HITs/QuadrupedTail/spin_test_parts/live/group_2_337RC3OW06MHKYY9UUMW9QV99GQLVF.json
3LRKMWOKB61SSWHBLLTUF09WRR62Z8,2025-08-21 17:56:19-06:00,2025-08-21 18:09:22-06:00,2025-08-21 17:56:19-0600,2025-08-21 18:09:22-0600,783.0,13.05,0.2175,ARQR5NIFA1AJ,3ECKRY5B1QFTHXXJKM8KEWKEAJMIZX,Approved,tzlocal(),QuadrupedTail,spin_test_parts,2,HITs/QuadrupedTail/spin_test_parts/live/group_2_3LRKMWOKB61SSWHBLLTUF09WRR62Z8.json
31T4R4OBOT0M6437ZJQH0TPJTP5C7Y,2025-08-21 17:17:15-06:00,2025-08-21 17:20:23-06:00,2025-08-21 17:17:15-0600,2025-08-21 17:20:23-0600,188.0,3.1333333333333333,0.052222222222222225,A2FP41BSPG0Y4A,3J9UN9O9J3BSANBZYAGSKYWS5RSJ0I,Approved,tzlocal(),QuadrupedTail,spin_test_parts,3,HITs/QuadrupedTail/spin_test_parts/live/group_3_31T4R4OBOT0M6437ZJQH0TPJTP5C7Y.json
3FE7TXL1LJ7JE4GKYPAHO7XSMOKQ21,2025-08-21 17:56:13-06:00,2025-08-21 18:06:06-06:00,2025-08-21 17:56:13-0600,2025-08-21 18:06:06-0600,593.0,9.883333333333333,0.16472222222222221,ARQR5NIFA1AJ,3J9UN9O9J3BSANBZYAGSKYWS5RSJ0I,Approved,tzlocal(),QuadrupedTail,spin_test_parts,3,HITs/QuadrupedTail/spin_test_parts/live/group_3_3FE7TXL1LJ7JE4GKYPAHO7XSMOKQ21.json
3180JW2OT5WUREVULIS6PDOIS3K5JR,2025-08-21 17:56:25-06:00,2025-08-21 18:12:04-06:00,2025-08-21 17:56:25-0600,2025-08-21 18:12:04-0600,939.0,15.65,0.2608333333333333,ARQR5NIFA1AJ,3IVEC1GSLPISHCWHUTKSY3F2AJYJ1L,Approved,tzlocal(),QuadrupedTail,spin_test_parts,4,HITs/QuadrupedTail/spin_test_parts/live/group_4_3180JW2OT5WUREVULIS6PDOIS3K5JR.json
3YWRV122CTJMSCPQVF3N8Z7KB9I8UR,2025-08-21 17:10:46-06:00,2025-08-21 17:17:11-06:00,2025-08-21 17:10:46-0600,2025-08-21 17:17:11-0600,385.0,6.416666666666667,0.10694444444444444,A2FP41BSPG0Y4A,3IVEC1GSLPISHCWHUTKSY3F2AJYJ1L,Approved,tzlocal(),QuadrupedTail,spin_test_parts,4,HITs/QuadrupedTail/spin_test_parts/live/group_4_3YWRV122CTJMSCPQVF3N8Z7KB9I8UR.json
